name, url
Aigner Munich, https://www.adcell.de/promotion/csv?promoId=221827&slotId=82056
Akkuwelt, https://www.adcell.de/promotion/csv/promoId/138763/slotId/82056
Aktionslicht, https://www.adcell.de/promotion/csv?promoId=123794&slotId=82056
AM48, https://www.adcell.de/promotion/csv/promoId/167567/slotId/82056
Artikelfuchs, https://www.adcell.de/promotion/csv/promoId/150461/slotId/82056
Biozoyg, https://www.adcell.de/promotion/csv?promoId=234998&slotId=82056
Blume Ideal, https://www.adcell.de/promotion/csv/promoId/172431/slotId/82056
Carclix, https://www.adcell.de/promotion/csv/promoId/169200/slotId/82056
Comazo-Protect, https://www.adcell.de/promotion/csv/promoId/173713/slotId/82056
Dartshop.org, https://www.adcell.de/promotion/csv/promoId/162890/slotId/82056
Deine Wörter, https://www.adcell.de/promotion/csv/promoId/177277/slotId/82056
Discokugel-Shop, https://www.adcell.de/promotion/csv?promoId=201344&slotId=82056
Elpumps, https://www.adcell.de/promotion/csv/promoId/198869/slotId/82056
ESDownload, https://www.adcell.de/promotion/csv/promoId/145121/slotId/82056
Ezyroller, https://www.adcell.de/promotion/csv/promoId/150971/slotId/82056
Fototassen, https://www.adcell.de/promotion/csv/promoId/61975/slotId/82056
Gabiona, https://www.adcell.de/promotion/csv/promoId/149311/slotId/82056
green your life, https://www.adcell.de/promotion/csv?promoId=249389&slotId=82056
Halal-Wear, https://www.adcell.de/promotion/csv/promoId/128530/slotId/82056
HappySUP.de, https://www.adcell.de/promotion/csv?promoId=228681&slotId=82056
hörbert, https://www.adcell.de/promotion/csv?promoId=225066&slotId=82056
Höhenhorn, https://www.adcell.de/promotion/csv?promoId=228355&slotId=82056
holzspielzeug-dresden.de, https://www.adcell.de/promotion/csv/promoId/137942/slotId/82056
Hoppediz, https://www.adcell.de/promotion/csv?promoId=229781&slotId=82056
inba arbeitsschutz, https://www.adcell.de/promotion/csv/promoId/165774/slotId/82056
IT-Nerd24, https://www.adcell.de/promotion/csv?promoId=230488&slotId=82056
Kartons24.de, https://www.adcell.de/promotion/csv?promoId=246181&slotId=82056
Knoxsafe, https://www.adcell.de/promotion/csv/promoId/125938/slotId/82056
KT-Living, https://www.adcell.de/promotion/csv?promoId=238021&slotId=82056
KT-Schmuckdesign, https://www.adcell.de/promotion/csv/promoId/179215/slotId/82056
Laue Festgarderobe, https://www.adcell.de/promotion/csv?promoId=232427&slotId=82056
LED-Kerzen.de, https://www.adcell.de/promotion/csv?promoId=204074&slotId=82056
LIMUNDO, https://www.adcell.de/promotion/csv/promoId/156665/slotId/82056
Lizenzking, https://www.adcell.de/promotion/csv/promoId/191174/slotId/82056
LUVETT, https://www.adcell.de/promotion/csv?promoId=254595&slotId=82056
MA Trading, https://www.adcell.de/promotion/csv?promoId=174979&slotId=82056
McDart.de, https://www.adcell.de/promotion/csv?promoId=244010&slotId=82056
meinReisekoffer, https://www.adcell.de/promotion/csv?promoId=168959&slotId=82056
Miniküchen-direkt, https://www.adcell.de/promotion/csv/promoId/215577/slotId/82056
MK Angelsport, https://www.adcell.de/promotion/csv/promoId/215283/slotId/82056
Mützen Markt, https://www.adcell.de/promotion/csv/promoId/177678/slotId/82056
Musegear Finder, https://www.adcell.de/promotion/csv?promoId=166724&slotId=82056
myGreenstone, https://www.adcell.de/promotion/csv/promoId/164161/slotId/82056
my-teepee, https://www.adcell.de/promotion/csv/promoId/142534/slotId/82056
Ostseeflug, https://www.adcell.de/promotion/csv/promoId/103216/slotId/82056
Puzzle.de, https://www.adcell.de/promotion/csv/promoId/115065/slotId/82056
Rauchmelder-Experten, https://www.adcell.de/promotion/csv/promoId/138793/slotId/82056
Robin Look, https://www.adcell.de/promotion/csv/promoId/98415/slotId/82056
Schwimmnudel-Fuchs, https://www.adcell.de/promotion/csv/promoId/167041/slotId/82056
ShaktiMat, https://www.adcell.de/promotion/csv?promoId=196423&slotId=82056
Shoes 4 Gentlemen, https://www.adcell.de/promotion/csv/promoId/164784/slotId/82056
Software-Dealz.de, https://www.adcell.de/promotion/csv?promoId=233594&slotId=82056
software-eule, https://www.adcell.de/promotion/csv/promoId/221644/slotId/82056
Softwareriese, https://www.adcell.de/promotion/csv?promoId=167299&slotId=82056
Software Solution 24, https://www.adcell.de/promotion/csv/promoId/222885/slotId/82056
Southernfist, https://www.adcell.de/promotion/csv?promoId=226684&slotId=82056
Studio 67, https://www.adcell.de/promotion/csv?promoId=230485&slotId=82056
Tractive, https://www.adcell.de/promotion/csv?promoId=238116&slotId=82056
VALLS Wasserfilter, https://www.adcell.de/promotion/csv?promoId=252925&slotId=82056
Vegaoptics, https://www.adcell.de/promotion/csv/promoId/157745/slotId/82056
Wildemasche, https://www.adcell.de/promotion/csv/promoId/112661/slotId/82056
Woll Hase, https://www.adcell.de/promotion/csv?promoId=247907&slotId=82056
Woll Onlineshop, https://www.adcell.de/promotion/csv/promoId/180216/slotId/82056
Yeelight, https://www.adcell.de/promotion/csv?promoId=226762&slotId=82056
